8,10,220,-58,36,20,-3,-325,-29,24
8,10,220,-60,35,20,-3,-325,-29,28
8,9,216,-60,40,22,-2,-325,-29,42
8,11,217,-58,34,19,-2,-325,-29,62
7,11,220,-60,36,18,-2,-325,-29,82
6,10,221,-59,37,21,-2,-325,-29,102
7,9,219,-56,33,22,-2,-325,-30,122
6,10,222,-61,35,21,-2,-325,-30,142
7,11,220,-60,38,21,-2,-325,-30,162
5,11,224,-60,38,20,-3,-326,-30,182
7,12,219,-62,36,21,-3,-326,-30,202
6,11,220,-58,35,21,-3,-326,-30,222
7,9,226,-58,34,20,-3,-326,-30,242
8,10,223,-57,36,20,-3,-326,-30,262
9,11,219,-56,37,19,-3,-326,-30,282
7,12,220,-58,36,17,-3,-326,-30,302
5,9,221,-60,34,20,-3,-327,-30,322
7,10,217,-58,34,20,-3,-327,-30,342
8,10,220,-59,35,21,-3,-327,-30,362
7,10,220,-57,33,20,-2,-326,-30,382
7,11,220,-62,36,18,-2,-326,-30,402
8,11,220,-61,39,19,-2,-326,-30,422
8,11,222,-58,35,23,-2,-326,-30,442
7,14,222,-60,38,20,-3,-326,-29,462
7,9,219,-56,36,20,-3,-326,-29,482
6,10,224,-61,35,22,-3,-326,-29,502
7,10,219,-56,37,23,-3,-325,-29,522
6,10,219,-59,37,21,-3,-325,-29,542
7,8,220,-60,37,20,-3,-325,-29,562
7,9,221,-58,33,23,-3,-325,-29,582
8,10,219,-60,34,19,-2,-325,-29,602
7,12,220,-60,38,20,-2,-325,-29,622
7,9,223,-59,36,23,-2,-325,-29,642
6,13,226,-59,34,19,-3,-325,-29,662
6,11,220,-58,34,21,-3,-325,-29,682
8,10,221,-58,33,18,-3,-325,-29,702
8,10,218,-57,34,20,-3,-325,-29,722
7,12,218,-53,35,21,-3,-325,-30,742
7,9,220,-61,36,19,-3,-325,-30,762
8,10,221,-59,34,20,-3,-325,-30,782
7,11,221,-60,37,20,-3,-326,-30,802
6,11,221,-59,36,21,-3,-326,-30,822
7,11,222,-60,36,22,-3,-326,-30,842
6,8,217,-58,37,21,-3,-326,-31,862
8,9,221,-61,35,23,-3,-326,-31,882
9,11,221,-59,34,19,-3,-326,-31,902
7,9,222,-59,34,19,-3,-326,-31,922
6,7,223,-59,35,21,-3,-326,-30,942
6,10,221,-58,35,21,-3,-326,-30,962
7,10,222,-57,36,22,-3,-326,-30,982
7,10,221,-57,36,23,-2,-326,-31,1002
8,10,218,-58,34,22,-2,-326,-31,1022
7,9,221,-59,36,20,-2,-326,-31,1042
6,10,224,-59,33,21,-2,-326,-31,1062
6,10,220,-60,35,21,-2,-325,-29,1082
6,10,222,-62,36,21,-2,-325,-29,1102
6,11,221,-63,37,20,-2,-325,-29,1122
8,9,222,-60,33,21,-3,-325,-30,1142
10,10,222,-59,35,20,-3,-325,-30,1162
8,10,220,-63,35,21,-3,-325,-30,1182
7,10,219,-59,35,18,-3,-325,-30,1202
8,10,220,-58,39,19,-2,-325,-29,1222
9,9,220,-59,33,21,-2,-325,-29,1242
7,10,219,-61,31,19,-2,-325,-29,1262
8,12,221,-55,36,18,-3,-324,-29,1282
6,12,221,-60,35,21,-3,-324,-29,1302
8,10,223,-58,36,19,-3,-324,-29,1322
7,10,223,-58,34,19,-2,-325,-30,1342
9,10,219,-63,38,21,-2,-325,-30,1362
8,11,220,-60,36,21,-2,-325,-30,1382
9,9,219,-61,38,22,-2,-325,-30,1402
8,10,220,-59,36,18,-2,-326,-30,1422
9,12,220,-57,35,20,-2,-326,-30,1442
7,9,221,-60,37,20,-2,-326,-30,1462
6,9,219,-62,36,21,-2,-326,-30,1482
8,11,219,-61,33,24,-2,-326,-30,1502
7,11,222,-59,36,17,-2,-326,-30,1522
7,12,221,-62,32,22,-2,-326,-30,1542
7,10,222,-59,35,22,-2,-327,-30,1562
7,10,220,-57,33,20,-2,-327,-30,1582
7,10,218,-57,33,20,-2,-327,-30,1602
6,10,223,-61,34,21,-3,-326,-30,1622
8,10,221,-57,35,20,-3,-326,-30,1642
8,11,220,-58,36,22,-3,-326,-30,1662
8,11,222,-61,34,19,-3,-326,-30,1682
8,8,221,-59,33,21,-2,-326,-30,1702
8,11,221,-59,36,20,-2,-326,-30,1722
6,10,222,-59,35,21,-2,-326,-30,1742
6,12,223,-59,35,20,-2,-326,-29,1762
5,11,222,-57,35,22,-2,-326,-29,1782
8,9,221,-58,36,21,-2,-326,-29,1802
7,10,220,-57,33,23,-2,-326,-29,1822
4,10,222,-59,35,21,-2,-325,-29,1842
8,10,219,-59,34,17,-2,-325,-29,1862
8,10,217,-56,33,20,-2,-325,-29,1882
8,13,220,-57,34,19,-2,-325,-29,1902
7,11,221,-58,31,19,-2,-325,-29,1922
8,10,220,-62,36,19,-2,-325,-29,1942
8,10,219,-60,34,18,-2,-324,-30,1962
8,9,220,-60,33,19,-2,-324,-30,1982
6,11,221,-59,33,20,-2,-324,-30,2002
7,10,220,-62,37,22,-2,-324,-30,2022
7,11,223,-59,35,20,-3,-325,-30,2042
7,11,218,-61,31,19,-3,-325,-30,2062
6,11,223,-58,34,23,-3,-325,-30,2082
6,11,219,-58,35,20,-2,-327,-30,2102
7,10,222,-59,36,19,-2,-327,-30,2122
7,12,220,-60,38,21,-2,-327,-30,2142
6,11,220,-60,33,20,-2,-327,-30,2162
8,10,222,-58,35,20,-3,-326,-31,2182
7,10,218,-60,36,19,-3,-326,-31,2202
8,11,221,-59,35,21,-3,-326,-31,2222
8,11,224,-60,36,20,-2,-327,-30,2242
6,12,216,-60,36,23,-2,-327,-30,2262
8,10,221,-61,35,20,-2,-327,-30,2282
7,11,222,-57,36,20,-2,-327,-30,2302
8,11,217,-61,38,22,-3,-326,-30,2322
5,10,220,-61,35,18,-3,-326,-30,2342
6,9,221,-59,38,21,-3,-326,-30,2362
8,9,221,-59,36,21,-3,-325,-29,2382
7,9,220,-60,31,20,-3,-325,-29,2402
5,11,221,-61,34,19,-3,-325,-29,2422
7,10,221,-59,34,21,-3,-325,-29,2442
7,10,221,-58,33,20,-3,-325,-29,2462
7,11,222,-60,34,20,-3,-325,-29,2482
7,12,219,-59,34,22,-3,-325,-29,2502
8,9,220,-59,32,20,-3,-324,-29,2522
8,11,219,-56,33,17,-3,-324,-29,2542
6,10,221,-61,36,19,-3,-324,-29,2562
8,9,212,-59,34,19,-3,-325,-30,2582
7,10,220,-60,37,22,-3,-325,-30,2602
6,10,220,-61,36,23,-3,-325,-30,2622
8,10,221,-56,33,19,-3,-325,-30,2642
7,11,218,-57,34,19,-2,-325,-30,2662
8,10,220,-59,34,19,-2,-325,-30,2682
8,9,221,-60,33,19,-2,-325,-30,2702
8,10,221,-59,34,21,-2,-326,-30,2722
8,10,220,-61,34,19,-2,-326,-30,2742
8,9,220,-62,31,23,-2,-326,-30,2762
9,10,219,-61,33,19,-2,-326,-30,2782
6,10,221,-63,36,19,-3,-326,-31,2802
7,9,221,-59,36,21,-3,-326,-31,2822
7,10,219,-58,34,22,-3,-326,-31,2842
6,9,221,-60,33,21,-3,-326,-31,2862
8,10,218,-58,34,20,-3,-326,-31,2882
7,9,221,-59,34,20,-3,-326,-31,2902
5,8,223,-58,34,22,-3,-326,-30,2922
6,11,222,-62,36,18,-3,-326,-30,2942
6,10,219,-59,33,18,-3,-326,-30,2962
7,11,219,-63,34,21,-3,-326,-30,2982
9,10,218,-58,39,21,-3,-326,-30,3002
7,11,219,-58,36,21,-3,-326,-30,3022
8,11,219,-59,37,19,-3,-326,-30,3042
6,10,221,-58,35,23,-3,-325,-29,3062
8,9,219,-57,37,20,-3,-325,-29,3082
8,12,221,-60,37,20,-3,-325,-29,3102
8,10,222,-61,36,24,-3,-325,-29,3122
8,10,219,-60,34,21,-3,-325,-29,3142
7,12,219,-57,37,23,-3,-325,-29,3162
7,9,219,-58,36,21,-3,-325,-29,3182
11,13,221,-58,37,21,-3,-325,-29,3202
7,11,223,-60,37,21,-3,-325,-29,3222
7,11,222,-61,33,19,-3,-325,-29,3242
7,12,221,-58,35,17,-3,-325,-29,3262
9,10,220,-59,36,22,-3,-325,-30,3282
7,11,218,-56,32,19,-3,-325,-30,3302
6,11,221,-59,36,18,-3,-325,-30,3322
7,10,221,-59,33,20,-3,-326,-30,3342
7,11,219,-56,31,19,-3,-326,-30,3362
8,10,221,-59,34,20,-3,-326,-30,3382
5,13,222,-59,33,22,-2,-326,-30,3402
7,10,219,-58,36,20,-2,-326,-30,3422
8,9,219,-60,37,21,-2,-326,-30,3442
8,9,220,-60,35,20,-2,-326,-30,3462
7,11,221,-62,33,20,-2,-327,-31,3482
9,9,220,-56,36,22,-2,-327,-31,3502
7,9,222,-57,36,18,-2,-327,-31,3522
8,11,221,-59,34,23,-3,-327,-30,3542
7,10,220,-61,33,22,-3,-327,-30,3562
8,10,220,-59,34,17,-3,-327,-30,3582
8,9,221,-59,35,20,-3,-327,-30,3602
7,11,221,-61,36,19,-3,-326,-30,3622
7,12,219,-59,38,18,-3,-326,-30,3642
7,11,220,-57,36,22,-3,-326,-30,3662
6,15,218,-60,34,21,-3,-325,-29,3682
6,12,222,-60,34,20,-3,-325,-29,3702
7,11,220,-90,26,16,-3,-325,-29,3722
11,5,220,-66,29,2,-3,-325,-29,3742
1,14,213,-61,36,3,-3,-325,-29,3762
17,1,219,-63,35,8,-3,-325,-29,3782
15,0,223,-55,31,-21,-3,-325,-29,3802
5,11,217,-61,39,19,-3,-324,-29,3822
2,13,210,-55,36,20,-3,-324,-29,3842
9,8,219,-56,38,19,-3,-324,-29,3862
7,9,222,-60,38,19,-3,-324,-29,3882
7,8,220,-61,35,30,-3,-324,-29,3902
6,9,220,-60,38,20,-3,-324,-29,3922
6,8,220,-63,34,24,-3,-324,-29,3942
6,8,220,-60,34,20,-3,-326,-30,3962
7,7,222,-60,38,18,-3,-326,-30,3982
7,9,220,-57,37,18,-3,-326,-30,4002
5,7,217,-62,33,21,-2,-326,-31,4022
8,6,224,-62,36,23,-2,-326,-31,4042
5,8,223,-63,32,21,-2,-326,-31,4062
7,8,221,-58,36,18,-2,-326,-31,4082
5,10,219,-60,36,15,-3,-326,-31,4102
3,12,216,-60,32,8,-3,-326,-31,4122
8,4,229,-64,34,3,-3,-326,-31,4142
2,7,231,-56,35,-10,-3,-327,-31,4162
11,7,214,-59,37,2,-3,-327,-31,4182
4,17,211,-60,36,7,-3,-327,-31,4202
8,10,217,-57,39,21,-3,-327,-31,4222
10,6,224,-60,34,17,-3,-326,-30,4242
4,11,220,-62,34,19,-3,-326,-30,4262
10,8,225,-24,39,99,-3,-326,-30,4282
4,8,221,-53,41,91,-2,-325,-30,4302
6,10,219,-44,39,127,-2,-325,-30,4322
6,10,220,-45,38,102,-2,-325,-30,4342
7,9,218,-34,37,85,-3,-325,-29,4362
3,9,218,5,41,131,-3,-325,-29,4382
7,18,216,76,45,252,-3,-325,-29,4402
18,28,243,1189,293,49,-3,-325,-29,4422
16,-19,262,-2289,663,58,-1,-326,-41,4442
24,-12,372,553,611,-211,-1,-326,-41,4462
2,-12,216,-177,429,-294,-1,-326,-41,4482
5,-14,223,-182,582,-406,7,-317,-36,4502
-6,4,216,115,563,-493,7,-317,-36,4522
-10,64,208,-58,593,-321,7,-317,-36,4542
-17,26,214,93,454,-226,7,-317,-36,4562
-31,26,206,-151,324,-108,19,-305,-42,4582
-29,28,216,-10,328,0,19,-305,-42,4602
-28,28,219,-90,370,89,19,-305,-42,4622
-28,24,218,74,376,158,27,-301,-45,4642
-25,14,215,-15,390,234,27,-301,-45,4662
-28,15,225,145,489,245,27,-301,-45,4682
-31,12,219,281,527,246,27,-301,-45,4702
-49,10,211,79,590,201,37,-300,-53,4722
-38,14,224,138,567,163,37,-300,-53,4742
-40,17,235,86,475,146,37,-300,-53,4762
-40,23,243,47,352,146,50,-297,-63,4782
-43,21,254,-99,141,135,50,-297,-63,4802
-56,27,259,-221,-164,112,50,-297,-63,4822
-49,29,244,-361,-446,140,50,-295,-74,4842
-39,19,225,-338,-518,148,50,-295,-74,4862
-35,17,216,-258,-444,126,50,-295,-74,4882
-44,17,218,-306,-473,123,50,-295,-74,4902
-42,13,211,-353,-513,107,37,-294,-85,4922
-32,15,202,-311,-418,59,37,-294,-85,4942
-32,16,197,-213,-308,55,37,-294,-85,4962
-27,21,190,-108,-139,100,28,-291,-89,4982
-19,26,189,27,31,203,28,-291,-89,5002
-19,15,198,6,129,225,28,-291,-89,5022
-18,9,207,-29,159,204,28,-291,-89,5042
-23,9,213,-19,217,141,29,-290,-97,5062
-17,14,221,42,252,136,29,-290,-97,5082
-25,16,231,27,205,135,29,-290,-97,5102
-21,18,235,-3,106,144,34,-288,-103,5122
-21,18,237,-94,-49,157,34,-288,-103,5142
-28,13,236,-190,-199,124,34,-288,-103,5162
-23,9,227,-313,-332,87,34,-288,-103,5182
-25,5,211,-314,-289,13,32,-286,-106,5202
-14,13,207,-208,-158,17,32,-286,-106,5222
-20,17,214,-195,-169,54,32,-286,-106,5242
-25,17,211,-217,-188,77,28,-284,-106,5262
-16,12,200,-146,-96,94,28,-284,-106,5282
-11,6,195,-64,68,87,28,-284,-106,5302
-18,9,201,-116,143,85,27,-282,-107,5322
2,-85,203,-411,165,-370,27,-282,-107,5342
-17,-50,207,-433,263,-791,27,-282,-107,5362
-15,-7,201,-272,472,-915,27,-282,-107,5382
-25,47,237,179,733,-763,34,-280,-97,5402
-20,57,333,-51,-333,-408,34,-280,-97,5422
-27,25,244,-646,-680,-205,34,-280,-97,5442
-19,16,211,-290,-602,-52,33,-276,-94,5462
-23,18,196,81,-431,81,33,-276,-94,5482
-16,-12,139,278,-9,54,33,-276,-94,5502
-8,30,161,95,501,193,33,-276,-94,5522
-5,6,279,129,198,250,30,-272,-99,5542
-16,10,247,68,-271,247,30,-272,-99,5562
-10,-14,179,-128,-178,131,30,-272,-99,5582
0,24,215,256,-126,179,29,-270,-101,5602
4,23,200,486,4,259,29,-270,-101,5622
-4,14,211,100,-15,271,29,-270,-101,5642
-7,13,226,-52,-61,274,29,-270,-101,5662
-4,10,229,-17,-99,179,27,-268,-110,5682
1,-10,191,-100,97,-24,27,-268,-110,5702
-3,-3,194,-365,163,-126,27,-268,-110,5722
-4,19,227,-306,191,-81,28,-267,-108,5742
-1,-15,208,-579,60,-73,28,-267,-108,5762
-1,6,255,-203,-249,237,28,-267,-108,5782
8,-29,235,-744,-247,175,23,-269,-98,5802
4,1,209,-707,-98,226,23,-269,-98,5822
-3,16,233,-613,-117,351,23,-269,-98,5842
5,-33,196,-579,101,15,23,-269,-98,5862
-7,-50,194,-437,225,-290,20,-269,-85,5882
-1,11,244,-312,-29,-83,20,-269,-85,5902
2,-18,207,-102,-3,-80,20,-269,-85,5922
8,-19,188,62,248,-123,21,-269,-79,5942
0,-10,229,267,107,-114,21,-269,-79,5962
0,-5,207,-10,55,-61,21,-269,-79,5982
0,2,208,-32,127,-33,21,-269,-79,6002
-2,0,212,-94,77,-6,23,-269,-84,6022
-5,-7,220,-146,27,29,23,-269,-84,6042
2,-7,215,-95,27,46,23,-269,-84,6062
-5,-15,222,-11,31,45,23,-268,-83,6082
-5,-20,211,-54,31,28,23,-268,-83,6102
-4,-19,218,-39,14,42,23,-268,-83,6122
0,-18,212,-126,40,40,23,-268,-83,6142
2,-17,213,-92,43,13,22,-269,-83,6162
4,-18,211,-63,41,12,22,-269,-83,6182
-4,-15,228,-66,4,50,22,-269,-83,6202
-2,-12,224,-116,43,14,22,-268,-82,6222
4,-18,229,-11,11,2,22,-268,-82,6242
2,-17,214,34,26,18,22,-268,-82,6262
-1,-19,222,-46,4,15,22,-268,-82,6282
1,-18,219,-81,28,4,22,-268,-82,6302
-1,-16,221,-73,-5,9,22,-268,-82,6322
3,-15,219,3,1,15,22,-268,-82,6342
5,-15,221,38,3,-2,22,-267,-82,6362
2,-17,214,7,21,-2,22,-267,-82,6382
3,-5,227,10,0,26,22,-267,-82,6402
0,-14,213,13,26,20,21,-266,-84,6422
1,-10,212,-82,24,36,21,-266,-84,6442
0,-14,218,-36,13,24,21,-266,-84,6462
2,-10,213,-6,60,-2,21,-266,-84,6482
5,-13,213,-44,34,11,21,-266,-85,6502
0,-15,215,4,26,27,21,-266,-85,6522
4,-12,216,-29,34,32,21,-266,-85,6542
4,-9,217,-64,39,36,21,-267,-86,6562
3,-5,224,-47,18,45,21,-267,-86,6582
-4,-11,218,-13,41,49,21,-267,-86,6602
6,0,223,-17,64,69,21,-267,-86,6622
2,-16,220,-59,30,80,21,-267,-88,6642
5,-11,221,67,42,70,21,-267,-88,6662
3,-18,213,139,34,47,21,-267,-88,6682
-2,-10,215,100,53,45,21,-268,-90,6702
5,-3,216,128,54,29,21,-268,-90,6722
4,-13,211,243,76,-1,21,-268,-90,6742
4,1,223,384,131,9,21,-267,-96,6762
7,10,227,566,116,19,21,-267,-96,6782
4,12,225,668,136,3,21,-267,-96,6802
-6,6,222,630,103,36,21,-267,-96,6822
2,14,210,888,129,46,23,-264,-111,6842
-5,18,233,1073,147,27,23,-264,-111,6862
-12,17,223,1317,202,-43,23,-264,-111,6882
-13,26,228,1523,163,-68,25,-257,-140,6902
-3,45,290,2083,-24,-58,25,-257,-140,6922
0,58,182,1760,-85,69,25,-257,-140,6942
-1,61,225,1481,-18,-20,25,-257,-140,6962
-6,72,220,1523,-64,-56,23,-243,-181,6982
-4,86,208,1407,-19,-17,23,-243,-181,7002
0,104,207,1106,17,82,23,-243,-181,7022
-4,91,209,1551,-23,18,21,-226,-214,7042
-3,113,201,2364,-41,22,21,-226,-214,7062
1,116,168,2492,44,57,21,-226,-214,7082
5,149,168,2122,104,96,21,-226,-214,7102
-1,148,171,1834,153,55,21,-195,-260,7122
-9,167,217,2166,-61,71,21,-195,-260,7142
-1,158,149,1764,6,35,21,-195,-260,7162
0,165,157,2003,-75,-34,20,-159,-296,7182
4,190,119,1859,132,6,20,-159,-296,7202
5,196,127,2045,146,-18,20,-159,-296,7222
1,199,116,1960,219,-47,21,-119,-326,7242
-7,234,145,2227,49,23,21,-119,-326,7262
-4,231,96,1959,123,33,21,-119,-326,7282
-9,230,118,2448,-2,48,21,-119,-326,7302
5,222,64,2177,66,-50,21,-72,-347,7322
-8,258,65,2075,-37,-99,21,-72,-347,7342
-15,250,47,2007,81,-90,21,-72,-347,7362
-6,263,50,2162,-21,-54,23,-24,-360,7382
-6,270,16,2000,82,6,23,-24,-360,7402
-11,265,23,2003,72,2,23,-24,-360,7422
-8,273,-2,1715,77,5,23,-24,-360,7442
-17,264,3,1774,116,28,23,24,-362,7462
2,249,-14,1713,-25,-37,23,24,-362,7482
-2,255,-34,1602,33,-105,23,24,-362,7502
-11,276,-31,1823,-42,-53,25,65,-357,7522
-12,270,-63,1549,34,-44,25,65,-357,7542
-18,267,-45,1776,71,-9,25,65,-357,7562
-3,262,-66,1690,-41,-8,25,65,-357,7582
-11,268,-87,1334,3,-41,25,104,-346,7602
-16,266,-83,1005,19,-10,25,104,-346,7622
-19,263,-74,1080,-120,-18,25,104,-346,7642
-12,270,-109,570,-62,-16,27,130,-334,7662
-12,263,-119,167,-33,-28,27,130,-334,7682
-10,259,-117,-94,-50,-44,27,130,-334,7702
-16,274,-128,-193,50,-2,28,134,-332,7722
-19,271,-105,-184,12,32,28,134,-332,7742
-14,261,-107,-253,18,33,28,134,-332,7762
-15,259,-106,-235,16,8,28,134,-332,7782
-17,253,-107,-210,46,-13,28,131,-333,7802
-15,266,-99,-178,48,0,28,131,-333,7822
-17,267,-97,-211,45,3,28,131,-333,7842
-23,255,-89,-165,30,-8,29,129,-336,7862
-16,260,-97,-228,-6,-35,29,129,-336,7882
-17,259,-88,-234,0,-34,29,129,-336,7902
-15,266,-96,-312,-6,-29,29,129,-336,7922
-12,265,-86,-322,-31,-36,30,126,-338,7942
-17,264,-95,-326,-13,-40,30,126,-338,7962
-15,260,-96,-322,-17,-45,30,126,-338,7982
-22,273,-96,-407,-11,-10,32,119,-341,8002
-19,255,-81,-468,-2,-21,32,119,-341,8022
-16,270,-84,-499,-49,-24,32,119,-341,8042
-18,267,-93,-747,15,-7,32,119,-341,8062
-16,265,-85,-1330,10,-41,33,109,-344,8082
-19,271,-80,-1864,55,18,33,109,-344,8102
-19,259,-54,-1859,-36,-71,33,109,-344,8122
-25,285,-65,-1790,48,27,33,74,-355,8142
-21,284,-26,-1790,-13,36,33,74,-355,8162
-25,244,-7,-1284,-63,-34,33,74,-355,8182
-16,262,-32,-1725,-30,-57,34,37,-360,8202
-12,263,2,-1807,-15,-60,34,37,-360,8222
-31,275,6,-1691,67,40,34,37,-360,8242
-14,271,22,-1508,-28,-7,34,37,-360,8262
-20,281,29,-1810,-45,10,34,-2,-360,8282
-13,279,33,-2526,-133,-5,34,-2,-360,8302
-14,273,33,-3374,-116,51,34,-2,-360,8322
-15,265,58,-3412,-20,117,33,-60,-349,8342
-13,159,75,-3383,-32,-145,33,-60,-349,8362
-2,217,66,-3577,255,-127,33,-60,-349,8382
-34,244,156,-3241,47,-42,33,-60,-349,8402
-29,206,166,-3432,-126,-59,36,-132,-316,8422
-27,196,162,-3125,-144,-106,36,-132,-316,8442
-21,151,163,-2714,-142,-182,36,-132,-316,8462
-19,151,151,-2285,-8,-82,36,-187,-269,8482
-13,143,167,-2307,72,-38,36,-187,-269,8502
-19,146,198,-2312,35,10,36,-187,-269,8522
-25,116,224,-2361,-111,-62,36,-187,-269,8542
-17,112,219,-2731,-283,-94,38,-221,-225,8562
-2,83,228,-3293,-716,-216,38,-221,-225,8582
-13,82,205,-3337,-727,-191,38,-221,-225,8602
-2,56,185,-3410,-477,-80,30,-251,-156,8622
-14,16,234,-2963,-579,-98,30,-251,-156,8642
-11,10,217,-2758,-401,24,30,-251,-156,8662
9,-13,220,-2884,-534,37,19,-266,-81,8682
13,-25,203,-2608,-453,21,19,-266,-81,8702
10,-34,193,-2597,-275,142,19,-266,-81,8722
14,-56,200,-2892,-273,198,19,-266,-81,8742
15,-78,217,-2720,-418,228,11,-263,-14,8762
12,-113,175,-2044,-346,90,11,-263,-14,8782
15,-109,155,-2082,19,48,11,-263,-14,8802
15,-120,209,-1776,-21,81,6,-251,41,8822
12,-136,199,-1783,-160,116,6,-251,41,8842
20,-128,186,-2250,-174,220,6,-251,41,8862
23,-157,176,-1999,-173,127,6,-251,41,8882
17,-171,165,-1899,-158,-1,3,-233,87,8902
20,-170,175,-1856,-196,-33,3,-233,87,8922
16,-170,174,-2394,-347,-64,3,-233,87,8942
20,-177,150,-2544,-460,-36,-1,-208,127,8962
17,-196,136,-2699,-591,31,-1,-208,127,8982
26,-196,123,-2017,-532,-26,-1,-208,127,9002
28,-201,89,-1524,-425,-123,-1,-208,127,9022
24,-206,97,-1264,-358,25,-9,-173,168,9042
41,-181,65,-1302,3,331,-9,-173,168,9062
28,-233,93,-1207,-89,311,-9,-173,168,9082
25,-237,67,-1318,-23,266,-8,-151,189,9102
24,-226,64,-1210,126,339,-8,-151,189,9122
25,-247,50,-918,275,196,-8,-151,189,9142
23,-246,60,-835,228,77,-3,-132,206,9162
24,-239,72,-815,146,74,-3,-132,206,9182
26,-231,65,-899,29,129,-3,-132,206,9202
20,-241,50,-792,1,153,-3,-132,206,9222
21,-253,54,-827,-56,109,0,-116,216,9242
26,-262,60,-1002,-205,-39,0,-116,216,9262
20,-256,28,-913,-69,-44,0,-116,216,9282
26,-249,37,-884,-148,-116,-1,-98,225,9302
26,-230,6,-901,-1,-45,-1,-98,225,9322
23,-265,31,-913,-114,-61,-1,-98,225,9342
22,-258,11,-867,-189,-91,-1,-98,225,9362
25,-247,-17,-1061,-50,-40,-4,-80,233,9382
13,-272,9,-910,-112,-20,-4,-80,233,9402
26,-242,-9,-888,-193,-55,-4,-80,233,9422
31,-250,-23,-901,-46,-41,-6,-60,239,9442
17,-247,-31,-846,-4,138,-6,-60,239,9462
36,-216,-31,-650,114,136,-6,-60,239,9482
25,-238,-6,-803,-16,147,-6,-60,239,9502
19,-298,-35,-752,-62,66,-4,-42,244,9522
21,-264,-45,-602,86,97,-4,-42,244,9542
26,-262,-29,-583,68,102,-4,-42,244,9562
23,-249,-54,-559,113,153,-2,-27,246,9582
15,-271,-40,-585,106,106,-2,-27,246,9602
17,-265,-63,-539,157,83,-2,-27,246,9622
18,-277,-51,-428,183,-35,1,-17,247,9642
16,-263,-56,-304,211,-81,1,-17,247,9662
20,-252,-52,-161,230,-68,1,-17,247,9682
28,-244,-41,-120,127,-42,1,-17,247,9702
29,-247,-45,-55,84,-31,0,-14,246,9722
25,-248,-47,-14,69,-23,0,-14,246,9742
27,-249,-48,17,84,-5,0,-14,246,9762
25,-256,-37,54,6,-21,-2,-15,246,9782
21,-254,-49,146,19,-21,-2,-15,246,9802
23,-250,-46,175,-4,10,-2,-15,246,9822
25,-250,-54,257,58,28,-2,-15,246,9842
25,-257,-38,273,31,14,-2,-21,245,9862
19,-264,-46,271,-10,-2,-2,-21,245,9882
22,-254,-49,301,34,10,-2,-21,245,9902
27,-253,-42,340,65,44,-2,-28,246,9922
26,-250,-38,468,35,79,-2,-28,246,9942
26,-249,-37,741,81,122,-2,-28,246,9962
23,-250,-14,931,-26,161,-2,-28,246,9982
20,-264,-21,895,-101,130,-1,-44,244,10002
14,-269,-27,878,-11,57,-1,-44,244,10022
20,-268,-8,968,-46,-23,-1,-44,244,10042
21,-268,-14,1242,47,-94,-1,-65,238,10062
24,-255,-1,1807,225,-132,-1,-65,238,10082
31,-258,18,2436,269,-190,-1,-65,238,10102
22,-234,17,2232,393,-115,-4,-105,220,10122
21,-244,48,1622,366,-85,-4,-105,220,10142
19,-236,71,1027,134,-33,-4,-105,220,10162
23,-245,58,1080,95,-35,-4,-105,220,10182
25,-240,63,1187,119,-78,-4,-135,201,10202
31,-217,71,1359,210,-37,-4,-135,201,10222
30,-223,70,1524,328,-6,-4,-135,201,10242
21,-216,101,1317,207,34,-3,-161,180,10262
22,-214,90,1298,204,90,-3,-161,180,10282
24,-214,97,1423,216,87,-3,-161,180,10302
24,-210,103,1873,292,98,-3,-161,180,10322
25,-205,108,2845,454,71,0,-187,155,10342
16,-187,121,2333,439,204,0,-187,155,10362
20,-191,165,2089,134,88,0,-187,155,10382
19,-170,155,2036,94,120,5,-221,108,10402
14,-162,158,1268,83,67,5,-221,108,10422
16,-166,161,1294,120,-2,5,-221,108,10442
15,-156,181,1891,174,-15,5,-221,108,10462
20,-131,178,1744,198,41,6,-240,73,10482
16,-130,190,1364,101,41,6,-240,73,10502
17,-119,207,1168,-72,14,6,-240,73,10522
17,-112,185,1256,44,1,6,-253,37,10542
16,-97,191,1772,161,49,6,-253,37,10562
14,-95,213,1844,49,44,6,-253,37,10582
16,-77,185,1229,95,67,7,-261,-4,10602
12,-74,207,1132,78,88,7,-261,-4,10622
14,-76,202,854,8,63,7,-261,-4,10642
14,-63,203,1000,135,45,7,-261,-4,10662
13,-57,223,1446,110,26,7,-264,-31,10682
14,-38,218,1679,174,24,7,-264,-31,10702
8,-35,210,1801,228,58,7,-264,-31,10722
19,-15,214,1614,230,103,9,-264,-72,10742
13,-10,220,1450,165,129,9,-264,-72,10762
13,-24,217,762,84,26,9,-264,-72,10782
8,6,220,963,104,45,9,-264,-72,10802
12,8,210,1074,96,39,11,-261,-102,10822
9,19,206,1110,174,40,11,-261,-102,10842
10,15,211,667,156,18,11,-261,-102,10862
7,25,223,498,133,40,12,-257,-125,10882
8,27,215,195,66,-20,12,-257,-125,10902
9,32,214,38,125,-59,12,-257,-125,10922
6,51,230,171,106,30,12,-257,-125,10942
7,33,223,77,82,20,12,-256,-132,10962
5,39,230,-106,66,-12,12,-256,-132,10982
1,35,229,-35,59,-14,12,-256,-132,11002
6,30,231,-64,55,-37,13,-256,-134,11022
4,46,228,-83,38,7,13,-256,-134,11042
7,35,229,-75,15,-11,13,-256,-134,11062
7,41,223,-92,22,16,13,-256,-133,11082
6,39,233,-213,-63,3,13,-256,-133,11102
5,34,222,-281,-82,24,13,-256,-133,11122
10,34,212,-214,-71,23,13,-256,-133,11142
11,34,204,-172,-3,22,12,-257,-131,11162
11,41,212,-132,-26,67,12,-257,-131,11182
9,24,207,-124,13,24,12,-257,-131,11202
8,29,210,-24,58,15,12,-257,-130,11222
10,35,216,-122,17,28,12,-257,-130,11242
11,34,212,-211,44,29,12,-257,-130,11262
11,29,222,-228,28,37,12,-257,-130,11282
10,29,232,-136,-18,29,11,-258,-128,11302
14,19,216,-230,-60,12,11,-258,-128,11322
13,22,200,-246,50,23,11,-258,-128,11342
10,18,215,-101,35,17,11,-258,-124,11362
8,24,219,-78,14,25,11,-258,-124,11382
4,21,206,-172,67,22,11,-258,-124,11402
3,18,213,-186,129,0,11,-258,-124,11422
3,20,230,-121,28,23,11,-258,-122,11442
4,15,210,-160,77,-19,11,-258,-122,11462
5,32,221,-106,58,-14,11,-258,-122,11482
1,40,227,-101,89,50,11,-258,-119,11502
5,37,234,19,0,92,11,-258,-119,11522
5,28,219,-7,0,62,11,-258,-119,11542
7,29,218,-135,-20,57,10,-259,-119,11562
11,29,215,-189,6,54,10,-259,-119,11582
12,29,218,-194,-29,52,10,-259,-119,11602
12,27,228,-242,-34,91,10,-259,-119,11622
12,30,230,-231,-123,112,9,-261,-116,11642
12,17,214,-195,-169,121,9,-261,-116,11662
13,18,215,-129,-163,134,9,-261,-116,11682
14,6,216,-138,-143,94,4,-263,-114,11702
17,19,216,-25,-94,112,4,-263,-114,11722
14,11,222,96,-67,108,4,-263,-114,11742
12,13,225,38,-119,115,4,-263,-114,11762
9,9,213,-6,-109,49,1,-263,-118,11782
12,16,203,-1,-54,51,1,-263,-118,11802
15,12,205,62,-37,40,1,-263,-118,11822
18,20,203,-298,-46,70,-3,-265,-121,11842
19,17,190,-412,80,56,-3,-265,-121,11862
18,16,204,-294,202,67,-3,-265,-121,11882
13,-3,238,-723,1844,-305,-3,-269,-112,11902
4,-9,335,-2096,778,-410,-1,-269,-112,11922
16,41,284,-593,503,-158,-1,-269,-112,11942
36,66,239,408,-93,-266,-1,-269,-112,11962
12,25,275,492,-456,-289,11,-273,-106,11982
21,39,246,284,-634,-252,11,-273,-106,12002
7,-12,228,-667,-51,-498,11,-273,-106,12022
11,1,234,761,234,-430,3,-273,-109,12042
22,43,215,191,128,-353,3,-273,-109,12062
-22,103,286,-1090,-39,648,3,-273,-109,12082
19,-40,175,-222,-469,290,3,-273,-109,12102
10,-5,156,120,-127,74,1,-273,-109,12122
33,2,209,199,110,0,1,-273,-109,12142
10,14,224,225,84,55,1,-273,-109,12162
12,9,240,33,-57,42,0,-272,-113,12182
11,19,212,-43,-42,24,0,-272,-113,12202
11,11,214,-94,-37,5,0,-272,-113,12222
14,21,188,-115,80,5,0,-272,-113,12242
15,21,214,-145,155,28,-2,-273,-113,12262
13,41,264,-141,-281,124,-2,-273,-113,12282
18,1,236,-99,-348,100,-2,-273,-113,12302
24,0,235,14,-244,-20,-7,-273,-112,12322
33,12,214,-515,-206,-85,-7,-273,-112,12342
30,93,185,-722,147,213,-7,-273,-112,12362
37,57,216,-445,57,213,-7,-276,-104,12382
31,-9,217,-336,191,145,-11,-276,-104,12402
24,-21,210,-275,188,-20,-11,-276,-104,12422
29,-2,209,-663,160,-64,-11,-276,-104,12442
14,-15,227,-219,171,-18,-9,-279,-94,12462
7,9,206,-218,184,76,-9,-279,-94,12482
9,12,211,-153,-44,193,-9,-279,-94,12502
11,-12,220,-224,-326,-80,-9,-281,-89,12522
17,12,226,-438,-158,-150,-9,-281,-89,12542
26,0,210,-169,-402,-156,-9,-281,-89,12562
24,2,221,-50,-108,-134,-9,-281,-89,12582
41,-19,206,-105,56,-160,-19,-282,-82,12602
18,-11,209,-42,192,-35,-19,-282,-82,12622
21,-7,212,-10,474,-123,-19,-282,-82,12642
8,-2,203,35,646,-96,-16,-283,-79,12662
6,-7,195,-26,649,-18,-16,-283,-79,12682
7,2,213,5,557,38,-16,-283,-79,12702
11,2,224,73,395,40,-16,-283,-79,12722
12,2,225,146,284,58,-6,-285,-75,12742
10,-4,211,86,153,67,-6,-285,-75,12762
-14,7,232,131,19,153,-6,-285,-75,12782
6,8,232,228,-70,285,-6,-286,-73,12802
27,1,222,125,-164,213,-6,-286,-73,12822
10,5,224,147,-173,220,-6,-286,-73,12842
2,3,220,103,-108,236,-6,-286,-71,12862
5,4,221,40,-24,130,-15,-285,-71,12882
26,-2,212,-10,77,54,-15,-285,-71,12902
19,5,227,-15,84,83,-15,-285,-71,12922
11,8,227,8,83,105,-18,-284,-66,12942
8,7,232,74,-29,169,-18,-284,-66,12962
7,5,224,-9,-51,133,-18,-284,-66,12982
10,8,221,-81,-43,138,-21,-282,-60,13002
14,13,243,-43,-185,130,-21,-282,-60,13022
10,11,234,165,87,90,-21,-282,-60,13042
1,16,237,167,-26,214,-21,-282,-60,13062
17,12,228,118,46,147,-25,-280,-57,13082
6,8,212,-114,221,104,-25,-280,-57,13102
5,7,243,176,244,43,-25,-280,-57,13122
19,4,214,-66,116,-39,-22,-281,-58,13142
15,6,219,-136,79,-90,-22,-281,-58,13162
15,10,220,-162,111,-95,-22,-281,-58,13182
7,10,226,-115,74,45,-22,-281,-58,13202
11,8,220,-96,67,96,-21,-283,-55,13222
10,7,213,-318,51,81,-21,-283,-55,13242
5,10,225,-1575,-227,-145,-21,-283,-55,13262
5,-1,237,-1246,-175,-3,-22,-281,-35,13282
15,-14,223,-840,-63,-3,-22,-281,-35,13302
15,-12,223,-675,-75,23,-22,-281,-35,13322
11,-18,228,-352,13,91,-22,-281,-35,13342
12,-25,219,-508,-14,72,-25,-278,-12,13362
15,-33,210,-733,-53,-1,-25,-278,-12,13382
13,-32,218,-700,-58,7,-25,-278,-12,13402
16,-36,213,-768,-57,27,-26,-275,4,13422
16,-37,226,-61,182,82,-26,-275,4,13442
13,-37,217,-99,168,40,-26,-275,4,13462
9,-37,214,-94,174,9,-24,-274,10,13482
13,-41,217,-72,174,27,-24,-274,10,13502
14,-37,212,-80,165,5,-24,-274,10,13522
10,-39,217,-80,146,16,-24,-274,10,13542
10,-39,217,-88,147,14,-21,-274,11,13562
8,-41,213,-75,178,6,-21,-274,11,13582
7,-39,217,-68,167,4,-21,-274,11,13602
12,-40,214,-51,144,8,-19,-274,11,13622
9,-40,215,-37,139,9,-19,-274,11,13642
9,-40,216,20,92,16,-19,-274,11,13662
5,-38,215,127,59,29,-19,-274,11,13682
-1,-36,216,165,50,27,-17,-275,9,13702
14,-40,212,137,53,24,-17,-275,9,13722
9,-34,217,116,60,19,-17,-275,9,13742
8,-36,214,240,68,11,-16,-276,3,13762
6,-41,183,1396,281,-34,-16,-276,3,13782
3,-33,188,2880,61,-99,-16,-276,3,13802
10,-4,180,-2654,-204,107,-16,-276,3,13822
5,8,222,-32,44,24,-17,-276,-44,13842
7,9,219,-54,35,-3,-17,-276,-44,13862
7,8,221,-57,33,18,-17,-276,-44,13882
6,12,219,-58,34,20,-17,-276,-44,13902
7,9,217,-63,35,17,-17,-276,-44,13922
6,9,219,-61,32,17,-17,-276,-44,13942
6,7,221,-71,32,-29,-17,-276,-44,13962
11,10,220,-74,31,20,-17,-276,-44,13982
8,8,223,-60,37,18,-17,-276,-44,14002
8,8,219,-60,40,22,-17,-276,-44,14022
5,11,221,-60,35,20,-17,-275,-43,14042
6,8,220,-63,38,18,-17,-275,-43,14062
7,8,218,-63,36,15,-17,-275,-43,14082
7,10,220,-61,36,14,-17,-275,-43,14102
4,11,220,-58,35,22,-17,-275,-43,14122
5,11,220,-60,35,19,-17,-275,-43,14142
5,9,220,-61,37,17,-17,-275,-43,14162
5,11,218,-59,33,15,-17,-275,-42,14182
4,12,218,-57,36,17,-17,-275,-42,14202
6,10,222,-54,37,16,-17,-275,-42,14222
8,7,221,-56,35,18,-17,-275,-42,14242
6,10,223,-62,37,19,-17,-275,-42,14262
5,10,219,-54,36,17,-17,-275,-42,14282
5,9,223,-57,36,15,-17,-275,-42,14302
5,10,219,-56,35,8,-18,-275,-43,14322
5,10,220,-56,34,2,-18,-275,-43,14342
4,11,220,-60,34,10,-18,-275,-43,14362
8,8,221,-59,39,21,-17,-276,-44,14382
7,8,223,-59,35,22,-17,-276,-44,14402
6,10,219,-61,37,22,-17,-276,-44,14422
6,9,221,-55,37,22,-17,-276,-44,14442
7,7,221,-60,34,22,-17,-276,-44,14462
4,9,224,-60,37,20,-17,-276,-44,14482
7,8,224,-62,33,24,-17,-276,-44,14502
5,12,218,-61,39,25,-17,-277,-44,14522
5,11,218,-60,34,26,-17,-277,-44,14542
7,9,218,-58,37,22,-17,-277,-44,14562
7,12,218,-55,35,20,-17,-276,-43,14582
9,7,220,-59,35,18,-17,-276,-43,14602
5,13,218,-59,36,16,-17,-276,-43,14622
9,6,218,-59,35,21,-17,-276,-43,14642
3,11,218,-59,35,22,-17,-275,-43,14662
15,2,220,-58,37,21,-17,-275,-43,14682
6,11,218,-62,35,20,-17,-275,-43,14702
9,6,220,-58,34,21,-18,-275,-42,14722
0,10,225,-63,34,16,-18,-275,-42,14742
9,2,220,-61,37,15,-18,-275,-42,14762
5,15,213,-61,38,16,-18,-275,-42,14782
12,3,236,-57,40,19,-17,-275,-42,14802
14,1,231,-58,32,20,-17,-275,-42,14822
7,5,229,-57,32,22,-17,-275,-42,14842
3,6,233,-61,37,19,-17,-275,-42,14862
2,7,235,-60,35,15,-17,-275,-42,14882
3,8,232,-57,35,21,-17,-275,-42,14902
6,11,221,-56,37,17,-17,-275,-43,14922
-2,7,228,-58,37,20,-17,-275,-43,14942
16,1,219,-59,38,18,-17,-275,-43,14962
4,5,235,-59,32,21,-17,-275,-43,14982
0,7,224,-60,35,20,-18,-276,-44,15002
12,0,220,-59,37,18,-18,-276,-44,15022
10,4,232,-60,39,22,-18,-276,-44,15042
14,2,227,-63,39,21,-18,-276,-44,15062
2,15,211,-59,38,19,-18,-276,-44,15082
2,8,229,-55,35,21,-18,-276,-44,15102
1,18,217,-59,35,21,-18,-276,-44,15122
7,6,224,-56,36,16,-17,-276,-45,15142
2,16,214,-57,35,22,-17,-276,-45,15162
4,6,221,-61,35,17,-17,-276,-45,15182
7,7,217,-60,36,24,-18,-276,-44,15202
8,8,221,-59,39,19,-18,-276,-44,15222
4,13,218,-61,41,24,-18,-276,-44,15242
2,15,215,-58,36,22,-18,-276,-44,15262
9,6,222,-59,36,17,-17,-276,-44,15282
3,12,217,-60,34,22,-17,-276,-44,15302
5,11,220,-60,34,19,-17,-276,-44,15322
5,11,221,-57,38,19,-17,-275,-43,15342
9,7,222,-58,37,19,-17,-275,-43,15362
9,7,223,-61,35,20,-17,-275,-43,15382
9,7,223,-58,36,24,-17,-275,-42,15402
3,12,218,-59,35,18,-17,-275,-42,15422
4,12,219,-62,37,19,-17,-275,-42,15442
6,10,221,-59,36,22,-17,-275,-42,15462
4,12,219,-58,34,20,-18,-275,-43,15482
6,11,219,-57,38,23,-18,-275,-43,15502
7,8,222,-60,35,18,-18,-275,-43,15522
5,12,218,-61,34,22,-18,-275,-43,15542
4,11,222,-58,34,19,-18,-275,-43,15562
6,9,221,-59,34,18,-18,-275,-43,15582
4,10,219,-56,37,22,-18,-275,-43,15602
7,9,221,-60,37,18,-17,-276,-44,15622
4,10,220,-59,35,21,-17,-276,-44,15642
5,10,219,-60,39,20,-17,-276,-44,15662
9,8,220,-59,36,19,-17,-276,-44,15682
7,9,221,-60,38,21,-17,-276,-44,15702
6,12,219,-57,35,17,-17,-276,-44,15722
6,10,222,-62,35,21,-17,-276,-44,15742
6,9,220,-59,39,21,-17,-276,-45,15762
4,11,218,-60,37,20,-17,-276,-45,15782
4,12,218,-56,39,22,-17,-276,-45,15802
8,7,222,-57,37,21,-17,-276,-44,15822
6,10,221,-60,35,20,-17,-276,-44,15842
6,10,220,-58,35,21,-17,-276,-44,15862
6,10,224,-60,33,20,-17,-276,-44,15882
5,11,219,-57,34,20,-17,-276,-44,15902
6,9,219,-58,35,20,-17,-276,-44,15922
5,11,219,-58,35,20,-17,-276,-44,15942
5,12,220,-56,34,20,-17,-276,-44,15962
6,13,219,-57,36,22,-17,-276,-44,15982
6,11,218,-58,36,19,-17,-276,-44,16002
7,12,221,-61,37,21,-17,-275,-43,16022
6,13,220,-64,36,19,-17,-275,-43,16042
6,10,219,-60,35,21,-17,-275,-43,16062
6,10,220,-58,35,19,-17,-275,-43,16082
5,10,220,-59,37,21,-17,-275,-44,16102
7,9,219,-58,36,19,-17,-275,-44,16122
8,9,220,-57,33,20,-17,-275,-44,16142
6,8,221,-59,37,23,-18,-275,-43,16162
5,10,219,-60,37,18,-18,-275,-43,16182
8,8,221,-58,36,21,-18,-275,-43,16202
4,11,218,-60,35,19,-18,-275,-43,16222
6,9,221,-58,36,19,-17,-275,-43,16242
5,11,220,-60,32,22,-17,-275,-43,16262
7,8,223,-60,35,19,-17,-275,-43,16282
8,10,220,-55,37,22,-17,-276,-44,16302
6,11,219,-61,32,20,-17,-276,-44,16322
6,9,221,-57,35,17,-17,-276,-44,16342
6,12,215,-62,39,21,-17,-276,-44,16362
7,8,221,-59,34,23,-17,-276,-44,16382
7,9,223,-58,35,21,-17,-276,-44,16402
7,9,223,-61,36,22,-17,-276,-44,16422
5,11,220,-55,39,20,-17,-276,-44,16442
6,9,221,-61,35,20,-17,-276,-44,16462
9,10,220,-57,35,18,-17,-276,-44,16482
5,10,221,-58,34,22,-17,-276,-44,16502
7,9,221,-59,34,22,-17,-276,-44,16522
7,10,220,-59,34,17,-17,-276,-44,16542
7,9,221,-60,34,20,-17,-276,-44,16562
6,10,218,-59,36,21,-17,-276,-44,16582
6,12,219,-59,38,23,-17,-276,-44,16602
6,10,223,-59,38,19,-17,-276,-44,16622
5,11,225,-59,39,24,-18,-276,-43,16642
7,10,219,-62,37,20,-18,-276,-43,16662
6,9,221,-57,37,21,-18,-276,-43,16682
7,9,220,-58,36,23,-18,-276,-42,16702
6,11,221,-64,34,23,-17,-275,-42,16722
6,12,220,-59,35,18,-17,-275,-42,16742
5,10,221,-55,39,20,-17,-275,-42,16762
7,12,218,-59,34,19,-17,-274,-43,16782
7,10,220,-62,35,24,-17,-274,-43,16802
7,10,221,-59,34,21,-17,-274,-43,16822
8,8,224,-63,33,20,-18,-275,-43,16842
7,10,223,-57,32,22,-18,-275,-43,16862
6,10,222,-57,31,24,-18,-275,-43,16882
5,10,220,-59,35,21,-18,-275,-43,16902
7,10,219,-57,35,18,-17,-276,-44,16922
6,11,220,-61,37,19,-17,-276,-44,16942
5,12,220,-59,41,18,-17,-276,-44,16962
6,10,222,-59,34,21,-17,-276,-44,16982
6,12,220,-60,38,22,-17,-276,-44,17002
6,11,219,-58,36,21,-17,-276,-44,17022
6,9,221,-55,33,23,-17,-276,-44,17042
7,9,222,-60,34,19,-17,-276,-44,17062
6,10,220,-61,32,21,-17,-276,-44,17082
7,10,220,-61,37,20,-17,-276,-44,17102
8,11,221,-57,35,19,-17,-276,-44,17122
5,10,220,-58,33,22,-17,-276,-44,17142
6,10,222,-59,35,20,-17,-276,-44,17162
5,10,220,-60,37,23,-17,-276,-44,17182
7,10,220,-58,34,21,-17,-277,-43,17202
7,11,220,-57,38,20,-17,-277,-43,17222
7,10,222,-61,34,21,-17,-277,-43,17242
7,11,220,-60,36,21,-17,-275,-43,17262
8,10,220,-61,37,22,-17,-275,-43,17282
6,10,219,-62,34,20,-17,-275,-43,17302
5,11,221,-61,34,18,-18,-275,-43,17322
6,11,221,-57,36,19,-18,-275,-43,17342
6,11,221,-58,37,23,-18,-275,-43,17362
7,11,219,-61,36,20,-18,-275,-43,17382
5,11,219,-60,36,20,-17,-275,-43,17402
5,12,220,-57,35,18,-17,-275,-43,17422
6,11,222,-59,36,21,-17,-275,-43,17442
7,7,214,-56,38,20,-17,-275,-43,17462
6,10,221,-60,33,22,-17,-275,-43,17482
6,10,220,-58,35,20,-17,-275,-43,17502
6,10,220,-62,37,20,-17,-275,-43,17522
6,10,222,-61,36,20,-18,-276,-43,17542
4,12,222,-58,35,21,-18,-276,-43,17562
5,10,223,-61,36,20,-18,-276,-43,17582
6,11,221,-57,36,21,-18,-276,-44,17602
5,12,219,-61,34,22,-18,-276,-44,17622
7,12,219,-58,37,20,-18,-276,-44,17642
6,11,219,-59,36,21,-18,-276,-44,17662
6,10,220,-60,35,20,-18,-276,-44,17682
5,11,218,-60,38,20,-18,-276,-44,17702
6,10,220,-59,32,22,-18,-276,-44,17722
6,14,222,-58,34,23,-17,-276,-44,17742
7,11,220,-60,36,19,-17,-276,-44,17762
6,9,221,-55,35,21,-17,-276,-44,17782
5,11,219,-60,35,22,-18,-276,-43,17802
5,12,219,-60,37,24,-18,-276,-43,17822
7,9,220,-59,33,20,-18,-276,-43,17842
6,12,220,-59,37,21,-18,-276,-43,17862
7,10,218,-60,36,22,-17,-276,-44,17882
6,10,222,-60,34,27,-17,-276,-44,17902
7,10,222,-63,37,23,-17,-276,-44,17922
4,9,224,-58,35,19,-17,-275,-43,17942
6,11,220,-56,37,20,-17,-275,-43,17962
7,9,219,-60,35,20,-17,-275,-43,17982
5,11,220,-55,38,21,-17,-275,-43,18002
6,11,220,-59,35,21,-17,-274,-42,18022
7,11,219,-60,33,21,-17,-274,-42,18042
7,10,217,-59,36,21,-17,-274,-42,18062
8,9,220,-62,37,21,-18,-275,-43,18082
6,9,221,-59,37,21,-18,-275,-43,18102
6,10,221,-58,32,20,-18,-275,-43,18122
6,10,220,-60,34,23,-18,-275,-43,18142
7,9,222,-61,34,16,-18,-275,-43,18162
6,9,223,-56,34,23,-18,-275,-43,18182
7,9,220,-58,35,21,-18,-275,-43,18202
6,11,222,-61,39,21,-17,-276,-44,18222
5,11,218,-58,33,24,-17,-276,-44,18242
6,10,221,-65,36,23,-17,-276,-44,18262
